{"file_hashes":[{"block_hashes":["bH1zgBjUsDGl6DTIfejjqpy0gw/jMAEFeMlgFazr89o=","68TjCMdpEyou0HUhStlybaClUM6UHFxxbWC0n4KxN/Y=","Us6w/Qn0Cpty8igqeMFxt+kISZp8BayjJ3momK0USn0=","75jfCmerdM6HWbtShtzf070Flj9ShLSNHc0cB6XPIi4=","TkfEoP0LQICxLNWvNYFW/Mp4Hmjjj9xgpBBiUb1MAmg=","YM8XQ5ZYjLIqsTte5MziS8yUWBLWLPB8Otv0tdiP4Yc="],"block_size":4096,"path":"_locales/iw/messages.json"},{"block_hashes":["2CESbj8kiFhGn85vLuHZcsXuEIeGySaD0MX+1xiFucQ=","uMuNoVw86HxRRcu1KoKoFbXKN52Q5tJn9y+wxe5UmRc=","KNuhmXfq047+feCEoB4+/WXMNGyabC8UFLDnsK+hT6M=","/TNvEYu43kT4f2d+xGazXXtRcIs+6Zi7UbA9A3+ZymU=","RMofPta8VQiBVSX444/yrQw//40WYGPXGGrzS58G9KI=","Cvf2Vev8MLkQ8a1AyUikGFUOmNQiYJfzd940pfbOAM0=","lEIaO6UrvmsF1dEBGJU2Oyoo0t3dhybqhJXDcWUUlsg=","z8E5LJ0rUzdgmVaHu0Xi07VBEmkeciumJXlOkHTxJGk=","jHia+bn/ymkU8RhduQCLkw5wd8RyHLt9HolEl2dhcjU=","ayeObRoF4paYdqmXG6z9bVmBNPvW5BmMi7bJHmIeeH8=","xfhb1E2Y34q6Fj1u9dRlHw5Nr1Bo6EoAdUqUDz8TiZc=","gzeR9Wyn/+bAvqX3r9gOyPBMTJr0swJeBaGySEkhf+Y=","uNSfTxzA1eFvkADYnmSxwFbHCfFO6+/6H+DGWFZqptw=","UelCnosDyxI4dMCr2TSl5k2cJpdih3UGZLYD25KSzKU=","86TAUmgrO/N0nc+PpDX6y5vExVZ4rBHIbYHcnhPrYVc=","wWD7tHfu/eQIXqY9tJySj1wK99xryQXQ1uybSukKmbE=","FXzfr7UHxA2p++1Uu6b6KKvw+MU5VUw//BlEtcB01uQ=","3QRUvPVUGH3zUgFbT7hSc/a9aMkcNb0k1mNEZmLztxk=","boCZY2EP49ZQaXBmrZ7At7clPsezX4qzvPGxsdKZfFw=","kQ/0QVi3y+nexi9p8C+gRQte04dvEcanWeUKUszlwO0=","71BhFk/fZkylV5NP6+B1GvhigkIZ9yL45SjJyKJcZIc=","AjXgmJjRd1dI9WMY6D/16lG0SYuvOJfiaKs4AD0DP9I=","MOD/Tv40IV9dJDaVJRJpDBmJyJXon1jeL/ac1xoStG4=","A+tU/H/mRjpnKAhgq0Bottntz6gquPSMMdveTfYAIZ4=","ZMFiGjv2rk0BZO6BUDTEbemf2zXptGUOS7jg5EbxySI=","QKMu5IOk7IdJsbaXFjzPOdrpPrdNL4ZWkyxHncIbegw=","7m8kvLsgS6/PxaOHfqGr4vK/DE9hywatH8u3ioDWKQQ=","vXSuMfnYLNeE4YA3L4ba/113snGJJ9a133B5cO5ICeo=","fA738TH77HrUsrk9MTPEWzv6eEB3G7CJWlXlHtl8vcs=","4YvI1C3z0hKmY6JQPRzgUWL71Iz/jalpZcHS5WPpMGE=","yY/OqslJ24rQjm8X+jSlDrJ1L1Nk9FfbnZYVkSktyE8=","O+Es4TCIZo7b6aBanguLrdWJ2citjSmp0trIdSDm/Fs=","kqUpdMlyvFfivXz425vdwAYbzfb1BBMzM8tQ1Bs48QQ=","AtMJuT1P51qcqtHOnNv892UCOt5se065i3Yi6bhN1nk=","Rsxg8lKwxbgSrr9j9EcwjLFLz5Xr6ZC1wQrt+kdjKrs=","+TNg8F3q/OU1Qa4nLGEhFp/eoBo0iHdHG5/VNf1s/+4=","YFP5LMomlAOBVFKp/26DucmXfdW+gCSLk4fPvq0mM6Q=","PXVRyARpT9UkCfSg4nfL06WIcLgld72DuiBZr59lYCk=","z3CSd9ngEyhMMPNAM5xjYZTWmEHEBozntwsQ8BV6SB0=","bh+oD764aQ20ws2X++I3ohItY31yX+L8qEUBC8DVQOU=","DwzLwRkLklW0jh7msx17S7FtU0P/a/sm61vRN9QcU8U=","Dpfnw0bpgZcwU2SmPGgDK1765cJE/xkPLLubDe/kHIY=","1rUI9lXYSHAWGMbqe/3/C8VCB5E7UiPCXY1U4B+ao7I=","4Df2h7Jowl5m8W6myrl6eAoBg4j0fxpNsaNHqvcvHII=","a796PhOdAJSicLJsOUeDMOD6/00FwRwFgppIraaAL8Y=","0eyLmvvuGtNMof6bqjvCQA1rA2Rfth1Vc36YRH/FPtk=","hXBKKZl5UW2ZvStKw63Mn7UpOLzShy+q7UqVysMjhQk=","chJT5ywYc3zOgDbjQqTmbCTRSO7c+Kak0VWsxOcj6Tk=","Xc4j+Dq9N4jA/8zjM7uEMLacqlkMzwXiZJZw+Skpptk=","KDCbNKyJrpfn0zyax9rfEQkfPVW5WCU4cO1zu67+fVM=","4R8Pw3uDwiU3ir7lT7eyJ2oAtie0y08FmjzwK/rZZOY=","tsCKRpphpawG1C3JaqFQPsV9TsJjuHGu+EKeFEB9LAQ=","+jL+bNbHowGG1Rq8SvUPmShC5eQP9Lzy9D1cZJ1fY9Q=","X1JkXWle1DAW+AKerrPGnBhWNqOtTpYArdYMzFpmhZ4=","+wheM74DmzT4wSmKxrnO1uz+RvACDAhoc5TDkWsfhOk=","kUvLDouaJIF+RLKdDkK5xMyrtMXIxGwMpXz2WECTge8=","t3n0F279inkUN9u3xeXZaHeo6IGYsGUBn8nOcd++gXs=","We22GgnIHgCwwf6iYlIXpRgVA7LhNxY8xtuy6Jnvvrs=","Yo+8553U3Z5fkJZ5cEpcWwbvzAcOsbPVRQhB/2AFb8k=","pQuyqnKxRSyBdNHOmsmNkdVYnlBCDPsfJMBMLw0jtZY=","5HdBBJWZqXAjsDuacB1yqKaG1A3rEYobYIVQIrM0XzY=","DSHKsoeQ7kyMU9MF5RBCp22hLy4TF7+dHebo67bWmoY=","rz9ytyQv3mQipstjL9k8zve+V8IxwsiaUOgeXeRVbCA=","obypeHI87K5Gsm9lkY0rMJ8VF8iYGNNLIJBud2yxhws=","n6ld4xFxP19WSNFxiOezRXJLlIvja6koJ4RWHwBWVEE=","zJgDDZl+2K2g0Z9eXAoNJE3Ta9pu3zwfrUQauLcn1DQ=","xHCGquTmwRsq+UDYRP8Y2E7KtdEOoZ2LZQNlMfpCHi8=","qKMuGqxjuwglwbWmPfQSfv7WngDVmipJ+GEUCFEBbWE=","4Fz3Sjq8dbxI1/zpBKiEX2O6nVhMAxtA4XiBhljv1mw=","RL8w+WQAyFfj+nH65a7I3Em1LXOyEAI9qDH/P20b1YU=","Sj72/fDoJtG7HTqIzETG8YcB9qvKKqz0T0UFKSvAbWM=","Md8ohWLx9rU8DPZWV0YmqGfEB/rTzOobRLHv0zBoKro=","Q1qNF6cTALVFiNZ1rGhv9LbcwI977CASekEhdWxveGI=","E+iWr2Irnhb4ebTHOgkeXI4HELt+roPPlpw5zdPvXnY=","pyaqXHH8IdghBo6L3bBK8/yXRSC66Qfy/wW39qS8v6g=","kp/3aZiJP2ivkpK7JFuJeM4O+SMANgmH764aAbhZzrU=","cfKku57YIn65j3Co+H783jxPxpwCfxUxgfx8U5PPwdY=","KrJfJMNkxFZSiIGUW3d7BLGPVU6xZRdZZa9+tKQfKsM=","UeF148MHVLymGlRjwjB8siYpadg+ujpO7+t6fUfE1ME=","nY9IOvxIiBpcU9dc+SvwUWfUGUlyxiMutI+fUaksAWg=","EdXlg9kL0f6iM3UnIPGvdF5Owl4Pg7ToeE7n3dueU+g=","j/7TonoWV85ouvwWfWJWjX4JPceSEK5jCZVtmDMwcO0=","aQSrTZhRUJxA19A1Otd2UbQEkCqJGsYLpsJm3iAjmZw=","tiXBA+k3Oi2dV0PRnUfZ78PvoJEanWxig/omCGRlgLo=","siT8B9fFZ+D47mKgLP7hEBNhbVqDPbBW5O2KTDY5iHM=","VZj230R7ffw5nb5OxSs1FA9M6kAg2TJpmuQgyhXcKqU=","E+deP77KyzWrrVMmN+h60EJhz030WqEAWXuSpox5Lxk=","GQQVNHzxkRlIY+8a22bM6r+cT01A91fYTxMJyHjkaVk=","/+6u1WEUKBXksJyAnf8LoewNOWEFqvS9pIO+ed76Rp4=","Vqs64pgi7fvSTCZOyEIzmPxyH8d3lUVdUTuMHGKNA9A=","bdUqX2VTazVL9FKL2r+fedao63fYnYE3UDKFWstyY5U=","8DsJKQCdHOW9/S7TlmI15q0SoAVA+bzinEg6XJRyJyY=","Cl11y6z3GC2p17Pyf7t3Vq3PzlsYjP/P6X/GAUQyjSE=","xyE+LNRcowr7uORJ3WpmSZFWPDG/Mo/JAzt3xuSenwo=","4ORyyw+5eBPnjjM4QuHTbWNzvixkl4YUH4SdbNxbb0Q=","yg6+wCJ30MTdDmptpUZMB6D7kqJ5CQtkxqDw7R9hER8=","Tg/PU8V00pfixRYlPc6oS5sg6GwnIPcFqZ9eqRqfpT4=","vww8x+vi8j9bUl36VYREBzplOGlQgsRWYaMG1QzluLA=","07HVbSvAedrrY4supgMZ9OAA9ClyXIfugjlJd4xS8lk=","NjzmylrMnzh/kYaj5OBHtBwPH2j8rUkpw8m0rSNHwZU=","vEaSo0bbL5jW+5gquAOMQE8AAJQD5ko/Ilmu39loIq8=","E53sxhuO76txcdCGhzDj9u+s5cD5igBxHC5X4/7JRkc=","5Sm+c5DgVNTRfYpirqkYM/JzPgR9kVqmLbxTNlZYpVY=","CXPjZ9vLi/+kiBFVsAM1Qp56rjctSJ1RCCrkq3L9yiU=","FfyX1P+0/wedX/QPq1jX7hlNNWjJCy/wxo4BrvFqO4s=","aoT9W//FZ4jHr/wBBiqCjOqiBHM8e5hyVNWkFeFtIUc=","Xrw8rAT2qZbmJCOCgyVDX2Lo+yuktAjghOjLGhnnMYM=","RwZFNqTnY0KuPhoiupnRmS7qQyBJ1HXYFOgr1ZP5omI=","ummfRmyqyKeDx5aOUco8YVWK72xJ/Ff2mhOT3XrHoa8=","tiZb6RZ1XkvqNB9Q3hK63O0+fOaDrBq6gc37RUlDd2k=","9Q+lwuIQGi0ciOHasmLcwXy/1/0YDtshZAImyBKyDtU=","7Frbg4UpiMcQ6AZA2uGc+vmxo4WIbZ7pfrTZqTwqDfY=","DDzy97Fui+LqB1rtlOO3pCI3jYP+H8/wG1LPSJ5Q3IU=","9xWMx8MqTe/rg4kRhuoF68uj0w22X3vjZHNgR6Hv6q8=","pko9EbzcrJLpxf+pHd+IzrCZhK5vu5ipE3yd3Qcyaow=","ipCp281G3ny5xJ6X+sDO43oQSJmX3zudMo6h6Lcodro=","TM9pJpRcAOoXxWNvz6VrjX+tCyLVh0kWe3gglZY83Kg=","F8myAFLETWXf1l/mnPFsD/lOVWJQe9Aav4WFe8BfKoY=","BUR/K4YBH66pPyLkZ2x5K8a2pEo9Wz172UlRyZGF2o8=","veoDq2cqvqVJj8s+LAOgrMB4jlUJ/ckUQRi5w03V4sk=","+5OkDjw8P8aeORiP84cakDCoP9WlWQBTtYXQ94Q5UVI=","i0oJR1PebZGWgEgs9KbKluEjjOghUmkYCZiZdwN81Nk=","XuZsnUR4onnRG9JqPAj65u5FrZ8KGhZrIXt9qHWlfCI=","BnIMdgs0xrlktTmOBC5W/A9RYL66ekaIFiDFBGi3wL0=","eBeJ7s1whd+0Ej+TVefsM8sTkT5ztPnq0Qq4XhEDqc4=","5POv51Bl3hkrNU+OfpWj5sR2r71v83yLhq23UPrZsO4=","uSYqU3oedTIzO+KYrfqtVHzs9lWhhnWTOWFcNzRPkbE=","zFg4SWkncVNRhVwf26Sm1pLf6GVhr3hXAT8U2YzTTAE=","MJQQSoACkoUQKNVjXXMnpjByFvu+ts+1t2riTYSag8Y=","FZO6HylNeSh00HBt/euPZAMXg3V70GtdTMZNoOpQh9I=","1+bOi77JTajVkEr6yjygN7GrzRPrw4xL2GSIlipzrMw=","Qrc+szEN83ybN8ZdHqgjrH5XWSYlL1mjszYTjZfffxc=","2vRukX2ke1WxReXJ4M+0cj6uaiXfhsbn3kNXlIO+Y6s=","rZYSJ+aCCwwzTXin9lAxcaH7f52oVsiuMmDxltktRqY=","U3TF+6WEyctNOnt81MJA8D7jNMJf6ER4lDQtSgRmkeI=","3qDUPFji+GPz8fGiyeLXuBQNe7YtlThP3d9fJAA1oDY=","0+scWWKWHPQxVzEfSL0MAOuEKHRtylHPTZmAlISe9Fo=","1yvjr4UP7SX2Raz9LTWV64x0qsViatiIlfJcAIqOiL8=","WbDRG+iZ94lwVbO4nQzaSUxX1Bxb9hm8qLPX5H050mk=","+HERZKRU2c9iP8AOOaz+P0imlS70Od5nG1rPBOAvID0=","OelKhV1pm2ATcReBqnNJjyJDHsZ4ZH9fbJEIq559U5o=","dLJKgBKF4S0+Fb+2eIcjV0Pnr2/UcYGtlW9QpGBjI9o=","m1muqF3q5Fjz1wXgV3dQ/mus8Qt4SKb6S9HzL/h1OcA=","SoN/RKPsnGg5kvveiiav/4tzvwIkuC3cRdi5T+i3peA="],"block_size":4096,"path":"angular.js"},{"block_hashes":["S6xg4/ud+ACq61Wov7brNCPYV0yw/YUUAX6VFgIRnzo="],"block_size":4096,"path":"background_script.js"},{"block_hashes":["LqTaBAi3BAiEr9maBk+4A2DuDHCofAfqaVTEoMzOIdg=","aFvZ8Lkm1bjVfmL+Rplcl6R0ayROOjbViUwVjvzHUfM=","QSnXPIxDjraBwL5kjpVtiR6q3IMUMFOkPuZbzVlzbNA=","CctaJOZzcZxcy+dnguLsSMfWs2hMNoB4CLh16J8o82M=","uC9grmrd2dqzit7WdSSaXeh48WqUUsfJs63NDgqL4wU=","pbaUa8mJCL1RaBGjP1zrIm2GGggE+tPv7F0V/C8QXYI=","2+nbVx/1QAWcPolIw1I7GRUh9knO3wNHMJGRVVeEkss=","Yr/wxtn5jZaEpcLfWV83NPpsYPG45Ld5LvzPVLmSB1Q=","sUaa2Bvy9BJa+ZImIEhse0786Q3a4GstPenZXDr9320=","PaUc6tjLn61ae3co/mxdMoD+GITZVkfo+y8rofVqAtM=","Pu3tt7YU+IbmoHZDQmCQliBOurxT8jY2/3z0EFH+e4c=","FChqrK2+065eg98bUVX2E/D2nEmwVI83QT2vRpuEd4E=","qDk9uZn+m9ImKash3qFbvF68OsjZ/8WFnnJV1Oz+Q5A=","AQWM0Cg2stV12A6sSCnoaQGMziabDQDb2rEQNyGYcV8=","JpccyiiqTaiLzAzpdp9fTD/mslIi7DlsMjmRCkoOSp8=","SaiPjFhgDtE++FXHqHpdK6sY7gmO2JwPZfZ8GXt/hTc=","l0JY2/hzya3EXtBIQ7HMiXUUOIT7rNGSLnSt7d/oONo=","nMVnrrGQPXAi+prON9rAR5rMXcljsRiktHoDYSB7JcA=","fpXd0tu/G49HXM5phIACS2lv2PCN9HcbPVY1qyxLNpU=","oN6FPlFPpUfH1QdaU+3DphVSGoBILon7OIQ30HBZ3RI=","AK02bISSfM1SoyAcf+TAMmzXn/+2Svb80e8jFgpzUtQ=","YTpQwNPtuYIOEW4qBj7CoBRiaHQ3GbWaW72SPom8sFA=","Mv6+X7NiBtqBEEoWCxH/Dq+dJ7Aew7Ip5/3cwrkeDNQ=","Dqrk5nJOF86Xt9kD1Tc9MBtcMD6a6liKsbu/JPNi/1o=","/SvEY3l0Pk24QjJXE8VKZDAOt20xwNaROLR7F3fXky0=","GrGuZZTaUAUe9uf2llPll2CZCRHbDaomhlKhMUKD1pw=","k52wDgyPHi7T0fqihkf2jFGRAbahQNLgXsfgo5Gch/Y=","ECFFiZptU9UyNwgbEXC5C04Uxafcls4TQjH9CbCZF8g=","vRnnUg8d5P/hpWrsNb60oZAB6+Gigqyc6Dc/1bYev7M=","xGHEWoHDgIlD3JTf3RR+hCkjae6Gz0LlkKjDJurGulI=","5j+h80HH5uHsB/7tuH25pu/26dDVNEBXusxH6FicS7o=","9zb1LjgHQlX8UoUrM0hsULqf36VN2EouprTmavxDtbI=","g/7KJDKq+62llT0ZQexq8U6Ix+TSisScmjug7QJMVuk=","BfinfOUyM6v2q0b/U+QvHRHnkxV9ve20ByvpeHagmHw=","STjCfFeI5h+AsGQF00Ox86KWKeWJQyhph2SRhWaQXYc=","SLGyyisvE9zkciS8mkFjcUln7VZls1XGBArzItl+ZLM=","xuQC/flzcu4fQ+aylGDLo6vbfhUHnnrd++WdHO62tek=","byLMMcNMgGoegH8oZZBqSB8ijki3HF4pJcX/Z+Tg9SY=","Qr2zNpoju3KKlzGua9lHqTed/yG9bohqcI0U7fSjv6g=","6la3wCNUmSLXjte63XS7st/351J9ZrRO4ZI6XCe8DAQ="],"block_size":4096,"path":"cast_game_sender.js"},{"block_hashes":["kON8VFM2MvJcyXNsDPOPRWZp3bDl7AAp37KWqG/7Lzs=","QozuR2yFSm+QCiUuANdZEn0DGLXrMo56Wn87sDTHUkk=","4Sahr+uLy/cYYLjkbbIp5jVYcR+1TrZod7bEvDl/JoM=","/0YeWubi7Nmy9trn6fD1XOt+DuYr+FXqy3nBowplNYw=","lS6nBkaP7n7+pyEk1nvpJlP5h+RLid5Ioa9jhnqjbb0=","6zG3mra661dpEMWgIuVqD4Rhlbjcz8D6z1vVZx2xy6I=","U26vR6deUtg3PxLDM+phdSH/ms/eJC4GOqk8+tnxJpg=","j9HO4lYA4lsC4NU0VpM3kdxqBYks2PaN80lWhJTXXnQ=","2CJxpVV24pQKckNkXrl4rki+NnZrcP/sDfKW6VoZzk0=","j/WalQ2caXwg3hMidxVX8kCq/oeLOiMjsX5ZihwH2pk=","tUWFg6X6axOlBtseXjRSdi3Wy5H6C6VlVjYOP3yJmPk=","87cLMKEWMNr3jMBw5t9P/oSc9r7L2ouoEVbtD+BUlRE=","tuHKR7akJi63p4DF2DVP9RWigLtUT0I20V8ElfOA6ac=","xLP9oQc9FZZn/RMZZDXHKlAMRWELbwqFIwCSwWWLtb4=","icO2e6M/UoLt9cH47Kjbr2NoY6viIawUXgtfR8dcHD0=","SHAPog+I1nRaqdRtwJzgnszfz1mV1k73oI+WPBfQ14k=","v30z0QNxobdn7NW0J1tEGij57yxyC18r/gbQo9GuE0A=","7SESScqdEvgKWbO/XFQnK6I5Av2Sf+wKJREmOkhtZTk="],"block_size":4096,"path":"cast_route_details.html"},{"block_hashes":["DwFR/R2kk6S5oIBDvQIuaYY/Ka3DnqFLjA4M1EO8HOs=","m15ccO9ShUvPs6TxUqtsnPtgT/bLqXQlgiZwTeM0DXI=","vIbAek6EdLBmkWlfmmqlYRRAIYrvVonHeN9Pn7cWeLY=","MRMEuk1HkrbC3BfCpoePvP+wbaV1G8Hui7qapUabn7A=","KG06TRECDjFj8JbO1qKgRJVUvciHkwhSbHXoGWUTQ40=","djyElrvdqSN7mckoKVHBjSJSHNBEljSsUI9lUMNjEqg=","2cNCajCv81M02wuvZKKdXG5JA+nb5eoe/XXjAfWKx5Y=","zVgt+4txKRNUFYxp6zjBLO8a1yDAR2WnM+aOO5SlvkM=","MlgO2nhVxLDpVc4jzAppxpx1ilkpjPPVCzSUSNya8HA=","lutlbS0NhU//FDNxhbrI9fs4IYPpvK+MtEq9p/HJvPU=","9lFNr71JgKhRIzABff2wG8Tfq+1vb9InCb/W5cjDIoo=","fV3rWS6r6tibImE0EFwMA92d27lE/poQW54k3dNONqE=","YU7I1SMbIChiobGqIx1V9HjmFXE13QPVTqdYLeNv1lM=","prAhsClh0KHx4CPQrBc6OzdJWB2MCuZF4wV96YfUPic=","gVXlnyLg/VsTu+cGEp3UbsxS4NDo3pirlUmJEuoVTYs=","CjSy1SDo3WKwZY1FmUV8TTP1IATOpmma/HfxFfnXxJM=","XTQwvb5JmBlky9xZdmSfVwFjiMe49Y10yn6BkS/sNwE=","cK9rHKHbj9jJeCm4XxTgkqUlcTV7N7QzTVFf85ez+nA=","UvcP8vvYYhihGIo45Kef8n5Y+6BmfTCzpSGuniuDEaE=","TuaBACdG2cJnMZnNObHymzHm8S+VhABehz2jIN2hZKE=","TzG6hMnUbRrlAOndZd+SZE/T3tSrVbxl55oTU41E8kg=","i/Ywm79Eofcg1gVd8QKbypRR5ysZ3DdyKKGvkSRTHng=","7kqANGA2IaEr54b4jApzA05emdPlm4Z7CKBMz17SLeM=","bgsjjqpI+PBb5myBPz5IDVwJg/s1G0vetxijo4/TLcI=","0iuUJqFWeoYvdBAo0mWuk1+NB5FgptwPurmny4miJjU=","kwySETT7KToJFLFGNwX+sQwarFKlp4Nv2w9W5czHqHM=","8L7FFfzxTM9rYW1dU/oUApGVB6AusSiZVGje39zKpSk=","jUUuv92xBwsICe/HGlAixvRRqWXdT3xGxN2QonB1CxQ=","2Raj9Kz3YDukmta2GaiPirJ617icGh5fDFc3bpZYUdU=","ZqTtsGsM1MtRRJ7Lk1hjJeu2G0N1g8HmkbCStZKi/hM=","16B82JQVTg6YsjgVLwZzpmHIwG9pH0RDZ64+4T/uyuE=","w260leEzSBXQ6qNiZNDcSIq2QE0mBlY1zrwChzmq/xo=","udLuIpGuf6cPa7j0H1Zxz+XYKMa7TRfdHYZZfb98Qd0=","Of9WIwjy2ze1Ag2hMWhQgT1TR5P0ohkA/IhefdG/Pek=","5ns4MhRGXdAARZtbihvg2w6H1kCl7ACMtcVj8+EU1dY=","UW08nYyQ438ArWwkTUd3OA9z+7FrLjymfuSY65vPc0w=","3SlN+fMlRtmd0rZdKgmQ3COye2Ja0mY1epxePtHC/l4=","AOrgUGN4kAjX5daLdJ47YIPMvXqN2fxY2j8U6Yw2kWo=","avX440l6BdLSFyrorNAye4NooYojf8YFKmJjJfLLJZE=","WYIXvC2dOaWu1iN1C+Em8VqJo6v0Perg6mbz8B5pIXk=","umZqG1VmPG/p0XSrtuRj3ZQDx9ArCKukKQe7rRO2+Kc=","5DWslL0FokvfRb2NVEVnhORXohmWdnV5zZB7EKoUvuk=","uoG/odNUNad4QIX/Cbu0sCH8Vbt7GffNwba2k4jsYRE=","XNdBbh4213LWqoEMDMDE7Zr9FskuLtNoCGi1c/7Tj/Y=","9/oRvUYtmPFIzgS2pyB80TU4cJpHXWobicm8I+oqXRU=","fXaKnLvEl6Hp7lL86pwrn6C8rmXLBH815mfrBQsT3bU=","h6svtXbfaIJ/e6watIfTQ8kMPFUaO4wd1ugMovGO57U=","E5evPOUjc+mzkd+9q/YLEwgSbyilflHt7jqEVu4FAFk=","5raQNMaOn6AhNQAc1b4ucjpWehuFNHZiVKGzokZm2VU=","KP8wMbg20ZzT/LWYr8KsS5KzKI/4F+aI/ONFxpINBek=","jUVrpL9Oou1yLJ9l4SQWo4MZxR1Q5/3TkF7bpt40VYA=","QuxXhfRwekj9oCTr+IiuypiOUHHwL5duXi2IRaHzJrY=","c86feD95wHsjxzsjsHSkTdpjy44B07Jeg0bK2T1u8zI=","OVxwM10FUcmsiTWDaEiJ1pbHGm8dhcJbcPgmo6kmf9Y=","oWw6yjArrnIbbgMEATPdvnyDswVXnjVwvOqK6sE69yU=","GZkeaJXqkcx4OBUx531e2607SO+pxkji8fP1Egn1p5M=","MWRpfY42hRzasdlouSHqDJbYolk8vJnBeXBjsZvZKaY=","w7HYDb3zr0wcRLB4eK3fqzwf/U5ynFs4pLKaRPhiPVc=","xSR9pjmtJa2smuLevOsX7LJ9r08ujZ+50TtfJ2knoGA=","i83rD5e3Pz6yLeQV0z5nFfy84f8cjLvyi6xuCrgPe7A=","it/t/1bhy5clGC7zAuNTDfNjK1MDOwvsfvA0jqflTzk="],"block_size":4096,"path":"cast_route_details.js"},{"block_hashes":["LqTaBAi3BAiEr9maBk+4A2DuDHCofAfqaVTEoMzOIdg=","aFvZ8Lkm1bjVfmL+Rplcl6R0ayROOjbViUwVjvzHUfM=","QSnXPIxDjraBwL5kjpVtiR6q3IMUMFOkPuZbzVlzbNA=","CctaJOZzcZxcy+dnguLsSMfWs2hMNoB4CLh16J8o82M=","uC9grmrd2dqzit7WdSSaXeh48WqUUsfJs63NDgqL4wU=","pbaUa8mJCL1RaBGjP1zrIm2GGggE+tPv7F0V/C8QXYI=","2+nbVx/1QAWcPolIw1I7GRUh9knO3wNHMJGRVVeEkss=","Yr/wxtn5jZaEpcLfWV83NPpsYPG45Ld5LvzPVLmSB1Q=","sUaa2Bvy9BJa+ZImIEhse0786Q3a4GstPenZXDr9320=","PaUc6tjLn61ae3co/mxdMoD+GITZVkfo+y8rofVqAtM=","Pu3tt7YU+IbmoHZDQmCQliBOurxT8jY2/3z0EFH+e4c=","kMcQCjnZT2hAsrPiPrOWgqwB67CLKoABQMZVpwQJSs4="],"block_size":4096,"path":"cast_sender.js"},{"block_hashes":["xVU62OXGybQAeyqKEeoecE89EHT5GTsYKROyJHUL+j8=","WlmUs8hAtjVBAc+bTu1CNio7HkzEeJUHi8oFQ+flgX0=","OWEJEX7N9EdalQAzSo9qcp8abRvcWnWVEDCd2PTwD1Q=","SKb1EExaB/gmBdgajGxljdIXiJQuh+MOTNFmbdDwfJ0=","eiSLGxV+NDPKzemWkFkcS0mTEro8Je9PQzSlPGbK9G0=","07s5DL/7112caghK4/RY6Goq1EJLtM3lOaxtni4uRlQ=","p8Z8HW7tEV0P4gaZlN5rFnWdBUKUr1rtLhXAf91ICyQ=","pGgI2gI3xZYCAeK6ENHsPv3P8/5tXUvhXGdzEQIQXLs=","E4Ek+URgD51R53U40/qunGShfYAx7z7vVfOpl3Yec2g=","rH8CGuyq+mNrDUMP8tuZqWZ8lm/MeAABWMIjgPIWdKI=","M5jceO91jECQBr9wDoLPYMOPv4UQ6hEs8//X/7MSTfU=","U6mTkKmXUDPDco1eNkh1T6mMm7xHGeO9w8wmWvLEUyA=","+3wr8cf1RpI51IcwRAYFrnBaYz6v5aFQS4cmteN4VG0=","8nOo77H7FHyzxW0rTfp3jgJws+2/zUdMOtDuRakTl88=","QIb8J1Mu4Hi9qO0yPzNJEa2noRMjpx6ckTpRRHcjaLk=","a8qED2ZnHp3MbWOdYheX/gliNwr1E/NKXY/oyFMXHcE=","Lxzsa/Rc9NFAcxC78NABZ8b92E0/dNSvJLLzSZm397Y=","S7HeK3/pmU8wfB0KgraNp2q8vvk3YBTySU0HVKAT9YE=","pWKmtveScs+zlsDn1EdkNTMiuFC8/JTRJ25C7Cp7vdE=","1wLe7h90oKKAvf7AhtLV7nfVCfalbtbyCaSfncQthik=","7S8i4h2hroUwghDnPKNcB0aUPSwP9k2WvZ7D3cHb9i8=","3MKqeoL9cbMGY0qLvkGjTUebBEeDiy8FAardChQWWQY=","js7X1v6FF/9/iEDi7nKq7jiqS+mi0oiSwT8PKHbZFWE=","Pfx5w7RJXqsSGiT1OQhAKlFzUw3s8vRqkbmvXIbwHQ4=","szcuQsjgNBmz917qVF7QHnS2ytqbd5W6k3d8UvBcyHs=","NglLj0HIgCjb37vUnLHjPzyVTBN3XzX0kKPiLwrQ6W0=","ZeNN9+RhMK8/+hluyX+gXE3xRRtZoTQSx/FPcGVLGVM=","GdvYh5zvtlcHvX7PgbfWd6TW4XEXdj5YiCD7fA6Lpos=","+0Tm6rGdtFAcIeMij0yRBUcgHwvhvLSjkw1E59qvI4I=","deGhe6bVmwa1g+ACRrTdSs5n449hhUgW2it96N9iZGo=","Srno9tFiMhD+R1/TZYDFei0NQCzGIcPwjWfIqEIDGlY=","QLGYLYfYFROzwl8+FY+5HIPme6Zi50dxQc+dFNiKI2g=","GW+3ocr/81SONORi1Oys8tfls6U4DxBeUpNpIbLtE1c=","PtEzWj6RzMa33vTR/2wfjfPJK814VYetXVFdpU/3wQM=","NK6dABbb5K+FUhekCwya9+t7WV7Est24/jt5uP75Gh8="],"block_size":4096,"path":"cast_setup/cast_app.js"},{"block_hashes":["MgZYQcljW1IzKvY3IiIgWpKHSfmbO6rjKZM1FZ2P188=","DLGphte5LbnDdGH/OckkxlzcocHzrPdl6fr8xFbpNNE="],"block_size":4096,"path":"cast_setup/cast_app_min.css"},{"block_hashes":["dTwALeCXDQcyvhysuprD4451so0ugiH5+n+7R3ARtxo="],"block_size":4096,"path":"cast_setup/cast_app_redirect.js"},{"block_hashes":["taGCF4ENrTOcSVKI7QV/FfANl3uFO87L3JlKRoPD97o=","EltQy9OX8Q4Oy1HWZBAVFi/ap/KEE14lgPhwSpvpDMM="],"block_size":4096,"path":"cast_setup/chromecast_logo_grey.png"},{"block_hashes":["JeWGdbydRffIYOAWNzJqZh9oodNg4lCHBuzPpAjt0j8="],"block_size":4096,"path":"cast_setup/devices.html"},{"block_hashes":["0nkscO9XXZ2CKtbiuAS+wTonSuyWmw+New24s12/qDQ="],"block_size":4096,"path":"cast_setup/index.html"},{"block_hashes":["JeWGdbydRffIYOAWNzJqZh9oodNg4lCHBuzPpAjt0j8="],"block_size":4096,"path":"cast_setup/offers.html"},{"block_hashes":["JeWGdbydRffIYOAWNzJqZh9oodNg4lCHBuzPpAjt0j8="],"block_size":4096,"path":"cast_setup/setup.html"},{"block_hashes":["c1F0PRvXI3vzq4vggPKNXwzu0ju8C+BSiJMb0xt8kF4=","A+84iXz1TOBQfjquhQ/9qwd0GHcRXce5Jd5LTWOo6Do="],"block_size":4096,"path":"cloud_route_details/view.html"},{"block_hashes":["rGyHgFR2BS7rBEJA4e/pWXqz7k5TMsUxzGcUhhBxULw="],"block_size":4096,"path":"cloud_route_details/view.js"},{"block_hashes":["99EMdnqQ3PJW75O78LykgkVDXkmyJIaIdTqHGbA7CuM=","rfVeOH6y7a8Yye9aNLwoLtkSVzyowHuZqrEdRIXuWGo=","0QBACfvyJpPK4kCKmOyp3dSXyijueMjFsyqBzxXymcc=","Im9r5EyqeqPt1NIndVln7SNXxeHo4IcOi6FTgGpkzQ0=","YIPrqi26MfV1PXUOoukYZ1xmfJYL9m6Rd9JRoEp6yNo=","y/0/tZQr57hKtBLlqDeLje73h4cu1sTOQ6L3CufSLAw="],"block_size":4096,"path":"common.js"},{"block_hashes":["smB12I5y2IXBdAwBDKbkdcEjsu8Ox4o62p46POqAoCY="],"block_size":4096,"path":"feedback.css"},{"block_hashes":["Ddrzt4b3WXKKBrhCr4hvcKqc2bboUcabiZar6MZXnto=","hDP8jzIfoDCj7aPTCp7eM9i5KmZyUwQjbfaRryFEdWc=","h9ZLHndA3y6eGE7uLN+trbR37mHGidGjM9n+ejOCL78=","lWJ73weTZSuGCXQy9Mi7gQapAZ+9KmPhrF43T3C7sQM="],"block_size":4096,"path":"feedback.html"},{"block_hashes":["DnwGxZWIK8AEaut6iESqENJm3olMS0jI95XAIErtybM=","T/j1rkisRN320w85OBhN/gqfNlFrNNNHIicWUb2SoTU=","0VV+X25OHIntrkIimg80vRLY0qXTA3hzYhvnzTkdI5o="],"block_size":4096,"path":"feedback_script.js"},{"block_hashes":["gwLERwyN5tCO5McXZX+yhuvtV4DgpWVXP0jWhld7dl4=","bKyFNMV852YPBTYUMwP+o1GnqqnRZi57QnglGnXXIac=","PsUvZ5XOFZUkEJ5iHayxDZQkMIb6g4GYL7c+yzxfSvE=","OP9iNtuD8ndZVlJXRqTR95MpSwpQHO0F1RN3B5PEj2M=","b2JfCfbO5kmq4PNYbXQ0P/oB+2BHvl9JqyI15vmF/mQ=","5OrpgwYrAA2o8h2sObA0poHLTJt/vZtytnAo8AlTf/8=","U0mwi2mKkGWohYg2I4xyGpXIlGIVI1X2OWqJvqXFCUI=","8SZZdSqZQYPwRSgPF67xI5QqkP7SFN98CPX0Ul8wPKk=","gq7b3YnyG4YT7x8AR5ghR3bNxNJXcfQifenzUM5iZuo=","KqLpPWsErsIE7nqBGqtf5qXAskv6FsYC4fprN8HKOjw=","DauH3WlX+avrDTg+54TnSq0Y40wZ8VXN9AXDCUxUZ9o=","LRz+989Tr9QPSjwF0PLNrmZGrg6VQ/IMAyXu3ZYe+Fw=","tKgQ2KVfEfQmLDGjC2qt9xXx9bFuvq8g09XpCW2du8o=","LK3evOFbhnI1oz8i3HEzNGjBIfkWZC232XsTWKEGkQo=","dwRAHOhmAkb7oZ6RTpLfJ5rlsPnq7BkeIPSapsMfptQ=","62FvIsKjo8MYDRUpXdn8asoP5P2zyiaNSDPLbNbyeps=","u412o2iJE5/Iu0AuK/YzjlliBm7u3bQ/X7QsXvc/XNE=","1BCe8d144cc5lec/k3JwyyCU6SMSKmNUWimpEqtA3Kk=","duZPxMQP0r0tDu/2rygEaesCneD2WBcRPXr3bx5z6pI=","6IXcpFye4o0yYVea3i7RoNa563JgIk+7HJPVIaQ8VYQ=","O7BSuAb2g6Jlrn/VyNgEG7mDrOM7cyLZpdBEITv7D+A=","1rgsLfZxk7bDOoeeQOXrIgp0jGgsCfdpcuNXcJfJ0ss=","BrP0YV5Ka/p4zaXB0gXPXg6QET9hbVDBJux5lHzHcvQ=","HcG7fu3FDTERnqBUqr5+1ujvT5dSPG+ov0Wd/gl0BT4=","hdhQAg1Cn+8LXNmkcL6PZDgIT9FwpZmHx3eIvuhJAH0=","Cz9PhYWbnCgLmllYpsHvWbpBcfX7Z2wznzBoSeg4TX4=","1Kh4HSWC4xZWCakbPFX9gVxKfqm4HwsuPrszociBrBY=","YK7hcvR34aaxevD/09DiAr0R0a4SWK7++juSPQiXYAc=","xXVMARlm+CWBvlLW4ddTXAJStOY+tU5+WJgrA6BJx8c=","SKGjk53Y7rEsw4i+wzuAJ9yfnSxumW1nSYre11CFJWw=","izecs+E/ejh2xSD+c3V9dTSxpBL6zWkjBi518fGbbic=","LEHj0jvmfcuH70XREjnVGFFYYs6u0qMIugExG90n6wo=","PQHY8dMF2Lzs3rrVXQkAWOCMFdgP5BfJJJ1LSWUV4Nw=","hk0a0T3JQdbQCvgRXeFrWfDoV35dOro0bGMTbDQzrJ0=","JegdVAbNp1L9nx0XdT6+q/YUSh7eueWFim9cLHqpk2g=","LNEoBCMFy9IOjwKfIfZB9lkD2iadqDGiM3/AxnDlQIQ=","v0QNWYAxnqAnOeFkFZNEaMWV8Y4wX0CTMtZe9E3J630=","IMFff7VNOjQNdtmm5uDB4pBEqT2r14Vg0WZyw3mHZSU=","AzTtQDJ4oMPe5eBZuauZKU+EY5lM5IdqRmX9KA/dV6Q=","+XeydQieM4y8XTEFpLT8/6gnvO8bDha8X8+78YAO0K4=","RVUqO3Do8RmApADkWaeTDhBMVhCUs1Yy+p4wpV/9AfA=","WA5xf4aWpyHyJskiugBL8nhVO177LlsHrGysjdfgK5E=","Lnc1VM5LtzzBzhHIou2iNivKqK12G7DWI0Bm/TkdK2Y=","5R3QGTG39OfgYp0MmOmMiuZlezC64OoyvrLattHBi+g=","UHly6LgsUuRk5Ilobmb063R1LZ6NDHaK8Z+IgZE9IVQ=","Q75ivgo0LKGb3tAjucthjXgJIwwc0ljm+fepkZbplrg=","yNi03S4hU951Tbnpb5I4QW7zrv3SIzPVIlC36jwxuiY=","q5EVyMfJOI6D/iVBYf8yedXu8/mjSmvs1/nikCchRC0=","rUJfcsQ7NhnaSFHADawhPrtoTNE03a2s94RBiC6lgrk=","DIUYD52AMQnMQJTas75jpUi+SQVyePlavIvyRfKZkL0=","qcEDEMkrImL4pkwa6hX3pK3UR8H34DxQO6WcFvwm3Us=","BReBmahzxYgON3JQsDXDkeQGmuudPEZCODtb5ZZHXuM=","84Hh6NbcmChiVF2bOVhyXbX6Tx9cEVq4ANBD8ZbT4Zo=","EDiO63MwZcXEBmNrGl9j7HP16xhg3P/0Ng02lI/PcKM=","N0v5BMdu9LBf7FfA1IPkqiY/lhyNIWFI6FkXfV+pKvU=","GeiGWYxs2kJTiK6jPWy7NP1RS7m2gHPYNW8V/WperSY=","fIESKwr6QIMWaFyeSbrZu0fr3JG5GXXr8+el/4pGnoY=","LETnMen41yk3Reh/b6DY7HIhl76L2KZA2dsOKFxzAso=","LDQl0fDRgntBrQ/pX3PvFLsXgJBWJMV7sYMSKBjBjho=","t5Q8k2SLFz+YFgHbQ4bRjz1Qps8SwrNQtyVkJ2xNVZo=","HcqqpU1sV2c0/ow/x2khdmTHsxp6/mcMn6LswJ/dm9Q=","ZqG2RfyN1i7qAoXONkB8e/0fsuWo3Vpitl4dlQdHgOk=","rHYYEiYhULk3KlaxEp54R55Km5Fqyj3x3E8cCgTIC/o=","I4GkduG8RNfpyIO+MyqBOlb1HACEoO0Dlrs49cvbfFU=","3MqqATVsPmHliQ64fZK3PpNm1A/TckjKc8QNYgrHkJo=","hJHHYM26LsysLinVTxfaGEeG4UgQG8BwRvYHNRiqU3o=","TngmWfEJjSm8rpL7pJUq7luBiEVAJZlN8ME5/tfXw0Q=","Mt7Glx4OUhNU6zyAXE9BoWU+Q4+Tb4ITAyi3xaE8+w8=","Ju+Bn1dyRtWyp5eYjMwjrOD3nE0nychVzFN0B2RkBfU=","XOCx6uU7C0SaZYVUHicxYtms424BAhCgMkU2eHK1xr8=","MG2ITwDiUMKpj9PkpY3PK8RanUZVOtR2rTn+QAHUecc=","Vmukf7VZYah63bi47hTWnOvnxDLf4VmbUB3TPzaK/NI=","isNkAqUkC/ZCsa1dhbBOfSGW4F709XIbXRZ6uzMiJoM=","McOO5o/K4b63nTbgI0Br+SLlLf0tfsFYGxmxYmriSSs=","SfIMkdo8PHUF4C0f5sfWEBnkAAhn3/P+Enxev2PpbsU=","ZTNJxB6ej0XV0JBRZoeTa8PuO2hNlXgkpWZuoTulOqk=","6EH4N7xYroIW/wLK4vQkU48F9rSpn00K24Fp5I7ZEBg=","QpzKWc0sQA60nZDefoZrOf6a80crZxQz6iYVzUSGcKM=","6vsAwR2003Ab+svta7hJcyCeRB8pauDIuPUlpHVkaC8=","2WXeutrCAWMNUy0i8x6m8iVpMGJTs/EF+Nb/wSSm7gw=","X8UDdC7srLlEZaGlaoqvjd5xyTHNRylbPQGyhH1ibiQ=","zgTx93zbc3fPNpxp7qlkSShE5Jm8SANNTqAsmBYyFz8=","x/cZJS2qqOBX3Mby8HKDZKdtDrgvQz53WZJA0qRsT7c=","XU/ZgzFRRN5Pg/49d3cPxCtgWDWUf8cqCJKvIRCYHrY=","At8r6khCx8FcSaLoRIQquB3dguw8Gvpfbw4EeOhxQZA=","48h7nzDYGt5K5p8h9bSaukiOFYRCtKW3/wmR67WlwDE=","cB1WLH+NkQPuVPB9HdYtwuunAdN8nVii3a7hsepaP+0=","KGHzVVe9do9JNOuEKW1bzN48H+8btskiwhjLGYpCg5g=","qUydEVYgT6XV8bWgZFKCj/9Tv9pvCocKRy+tXnhngXo=","s87xePYrTOiWkOZjaEQp7OdQveuvCaSlgzoiTtzc/RM="],"block_size":4096,"path":"material_css_min.css"},{"block_hashes":["5jrrxxaRTMjZHZ+XmhBKMtAaHcJoiqopPY1s6p6fqFw=","xECauHErbdUUgo7yMvhqWaQ1DmoL4AfxqHEKXLr4NPc=","jTDN291Y4hJAoCXz39d/326dZXzoP/JdBLvvGr6ByDk=","URSoDkhwPa55BR+jWIjqUQC9BrDXs9G2mNtCA88SlU4=","ZKS6jpq/QIBjstsE/ZeE4JRXijXnBldIiGVFo4tiz1w=","XANFUYX/Ez/VlFPzNmWqgXqe0pJ0SvfnFGAlczXZlz4=","g+/qvJ+sGY4DKYjGxzDJeusxltYbm0z3RZjNFlssLno=","jx5Udf3O9efXkfNcrtQsaP9Xi6uExECYf4TnL/W5Tfo="],"block_size":4096,"path":"mirroring_cast_streaming.js"},{"block_hashes":["vCP7xzxS9Rj/dNyQK+O31enMFz+tuiM3m9X7FQQlLDg=","u4xaSQf3jKo8It0eKw22nQe0eoEcS0X9nkY7g4VL4/A=","BTIZwCB5FsQSR3ihmyAuXuStq3dqZ98V/g/+IInAEoQ=","J4B0QJmASLHsmtM9TSIgbXUMzyxmhsUKrK9AH9mglBw=","VKPdL8vN9mid1St4C1cDUNCmsngBeXr98M/JudjghYQ=","Lf/li57dadz42DpRKjOlquxieYKRzdoVkmYmI8Ot4RM=","e9hTqJ/MEs21alf7NX4O2ghmprAU/0hCB3aFzzoHp08=","OhPlpLJ4PPYjms3mZfBEsb952rnNddvNDz027Ci9ZvQ=","5wKAWQf16/zob9rrohhM3910Y2SHrfGV+JBZ7riIAP0=","YgXNMo0i8zkXVnjMpkUwmWLmRSha34POgYKBAMC60ls=","12e+jzzeMQ6oIuFkxoQIs/2ATclEfmKt37SLY+Qi0J4=","8L7rIQOymrMZJ4WOV8nRKsjB2JjY7FngQz9/qpxhi4o=","MT86DvPitIBaYuHejRddtOnTaG/55ikHKEn/K3AP0bc=","qA+edOyT06DB3NKr2pTCEf1fuTUrmw+8yD16Vj8pvz0=","CmisX2DYin8zUW7707uUdnQ43R9WV8APZr0WAXGnYqc=","TtRHeORvEIGNxrN4MV0nXhteq7NV41Zh0MfL7sR6hV8=","4yRiByrqHQ4Zf+Hz0ImTlrG1iYi3DWCv8Na0RY6WJlA=","enS5pec5D/qjOSRmkMROxPQoktLe8Aj31BQTw7/opQU=","Cwo1WmqfEhrmk24QOk1XhEfrbNNyOirXo1wA2eexMwI=","HBe+rhiZaENQXL+xkgTwf60t34GkTBVRoyO4Zr0cTAY=","q9l+kL/NJOU3VzvIlDX5p3H+IDATKw48oJwokqWQqi0=","Vdwlu2RmG1KtR4Tiba9R+GM+l3C48YEF1CSkvk675Po=","esI3gmaT5Uaqgk72BaPRviN1pYZPZnGYiyW7XZHthHw=","rKj6dsXjphwoS4u7Zd0NPEQxseqoGoGdb/vOuwUy2P8=","kdkiUKcgchmEYTsZr4MrMeRfhRZznB/9hTD7ZiN2UBU=","5DCiWtdyd81lOAOk9GIGpkOmdZ8om+Khe+f5r3LXNJM=","Vei0XgTyNcy0A4ZCKnRphB+zh4s68xa3RQBxH8KRD3s=","ALC1Y/9uFx3oS3eHxDru7VU4YyMEsgGZhaaFWQOc7jU=","IuyGQsc+RWtGWfqlszQ1XM10Yn96W1BiiV5ZWHiBHB8=","p6WBgag+7vqzuh/rR3gyc2sXSEboEkIgy8pcmNQbdVo=","D8LmmeCF2i+dDmRCA7vRifEH1Ajh26osuLQuUpIS42M=","c/HFv9hgApbUjr6ata6DKXDd74SmXdYrKYNlaTNVBG4=","z3/TsUXWr2zi6xENPSoLrPYjsaMcaFsn1LeC8i9BFeA=","sSQ5XQ6FCSC5b2ckKpiHZAD8jygDpy43iYMnr7jxvBc=","nDnYoqPATGk6akJdDYFdErmOZIhcHynOyKa8aLZgmMg=","5I4kxNWR6DZecKaeRHNTYr5iPuEAuHFkDu16NTJr3o4=","hFytSuWqm25b9swck1/DFvBeByRMqLMvBWwDf4M9fok=","Ql0jhMaXCVIPjzSOe09IJD1QVxMsqeHFkF53E08UNtE=","sIHXtDH10iYoAmHiJJyvoXZSm2TDPVLHsfT2hiovbJg=","hNS5z0KFa2d8ziUn9CxkJ7OK0NrxRehSf41TyqH1hdo=","YTSIahGWvT7NUkGqxLmFHlY8vc9XxwHMh37kCS2YOQs=","yEuguprNkgyy4K+Zll6au9vwpRWjmCeuxUoARrJGywk=","NdXmnTSO6k3H1ZaFCyzwv87DgPMKvm9jvB+MEh/qEKU=","Gt/s9aPyXDEcQbNTwvxRVOD3gqmTisgJHuIXz70tHlk=","aBD+wS5to3jMSDvFrCXRudnPNk0fllNasSJrAIZPVLk=","huRI7Xiq3caO8unab7h2xLUcBvmn79qIZ3plsg3NqS4=","ih7C7j/uMnKyUL/3MvMa336ryVOUsg0R2/j1NcCG5rk=","7HNMAQFbs3VLQLMYl2f+qloL+io2LljgComjUK2O35U=","Z8vFeVmYH7IHp+rBmW0u9RUurocSXfbMNr889rQvwFY=","kVkwGhipAFXcemH9lyrCy7kz1anXocuMeJEJpoa/8/w=","teLA4KXAeDWZqROyLgVAJoRcuHK3Ffl95hanZ6YMoYk=","hD/EBre5xipiZguiFKIbZGPeS6gfC6n2U5SRsYrAIIU=","FEi9FkzbtcP+rB9jJF9ZAPMeeSDTgrLln/h3vmYc1xk=","lOwxvhOvnlKGxITyab4qz5fvK5SucW4QhWPDVyCnWRM=","GFA1DX+REWtAmdzN7hrc5BH9wsffeaAUtnb4A0xRLnA=","MLivqPX30Z7Id3uvMNPDU7SPU8mnuXFiV6Yk2p5ibOs=","EYNIlOXEHIBjb2eOTZ0dzGVo12i5c4sF7mvxl5wsbp8=","ptRghwENrCQh7f57Rdw1ilG1Jn5eaLUBBeuYvT+RVaE=","pVYDzDyjkh1J+ps8apKNmvAd2RV+1R7Ss0JxoBbJbwI=","v3/9daJCN4dw4qCitR240AAwc8JU9xTE8Ia6atdhkLg=","gV3AXhR42j6YvAiQpU46g46jBT38/F/uWhWR3Nis7ds="],"block_size":4096,"path":"mirroring_common.js"},{"block_hashes":["njVqYhbqACWzzJg5xH9hfeacx887X/KnnA5r8elrmDE=","30JRVYpLGtNfVpL67dDyFd/1vg5Owh9jroPyaMPtjDQ=","mYR/uI+PpuFPOHI9Pe0EjfIDuEICbTf3K1KqgdYc5yI=","tO8EJZywXqH/SBpEI7XUPy7tVgo7/sLPdBUfJ7To4GE=","3E8lRb1Zgae1M/1jBQpY3l1xXFib+e3NkKLkIvINdSs=","C1+RL27BKhv+a1uABL8AX5+R2haFogw0NisjEB7vKJQ=","3rVtlppZg3pvDWOqGRqLV//Oifuzc8E0JcuGRnLHyxg=","bkHjoRI3Czu/UFXS7XeUg5uhz1Q8NXyTBsoa0pVh+JI=","T0RBwr6jBC5QJPT+150pEUfbEtHBgbPNncB7iOpJbaU=","32ilEtm63FgWluT4Y/7pB1vgwmiOlqAwKzh0DzfF8mI=","RtlAGhk2Vgm++5lQBYD0uAEYEY8dHLraIQbmnsY0EnI=","YNAGGu322Y0snNLw1id/LUb/n/tlOMWJjtrpCjU3ppQ=","dZZgAy518KiJnHz/sXUoh7tGaRUi/vJ+xfNNbkkmqd8=","pCyyu6bfdP4KZDV4JpAB3NH085k9hIA+L7x4rXYG0Fs=","00V0/0cwXiqrMPtoa3P2p6HjSJ3oWQ0pk19xbHHJeY0=","gRwrF56QVh1KNSVrzAZKF2p2kVXv6L35vWh7CwiKpBE=","4qz0aIzmLrprqTPq2MWE0ofrLetcKCLM9gA8LbDW+ts=","v9WZ83d8wIZd0SPWdRHf00z2vVql2gddFNq+j4L+Nog=","1Acdrhc7+j2Vl6qmv8oZmFLJtQHwTN7vmRCVleUHzBs=","mQK9fZT5n1LQ69MX1lI8KVx+FWHVWHtH3CNVS/jy63w=","/sRo8S/l4mW1Qee0guF+Oe1s+LhTif0KyGmotQxi7sg=","mx+0yZ3bNTV1aTTe2dbgtfRk2gT/+quw+f0HQGb/rIw=","7fxvSxnvrvqWWbycTPv4xUWsgJh8zryze1M3Z1ZFhYI=","DKQBj4SZQgggKtuywtXom8VGHnh5gRK+F7lI/MTD4/8=","poBtB1JlI1YYMHucHEHLdP7JFWSYW9FYgE/0SZv1e4E=","ySiWVWapfd8RQcu1q2xfjgk/HPr7l4S1un+43+q/IGU=","Pxgb+TSETt5WROY6NwjT4zXbHIdGivWnWlsABtA+nn4=","AH8VsrYR1Tjgn39ghEXLwAsNo1NMGyg7GiEDl671MlM=","lFNC++U4RvQZi8FYHYW7yLbjGDyK4NzjXWHLZQqj4eE=","bypWNO9Pj+wLukHafatDMbGBzcpuxzghCnTTImhlAes=","qdtjSNBWi+yyndeIfgXYSHEvFZza5S8rPfSDKjqqD0I=","9QMALz4jhJ8IQdase3tzU8Ibvvb13CuKvVUc3QY7j+k=","kB3ENI/LxMwZeURiL2MFO5aFAZi1iouMO7X7Z/KD6vg=","YpyIduc3JIGhoS+3fVgzaMmU42Kv4s9WinZxQt53fh0=","DpfsXdZ8wAnfAZALKywDQ/EcVTNlYh2je69uzWw1dwk=","dU8qCBs31iQKsqr89LpRoTT1Znrx8fn4/owJUeIhHyk=","Xz5c3eHRuxS5ZakRJI1ZxFYMLcxIaN2vd3rPKmeaoKs=","2ACzsBel1TYwQukOzDfnff/zcVV+q+vVoy47AAjARoc=","XUfBM5cAfb17TkXO3yeenwI8k4DJTzp2mrxS7PCu2R8=","ZJjPL0nvADmsGZqQPagpJfSoN8/ksAFCYE7Lc+Q55fw=","8/JwqhbGXlJhwNX/BDkL+nS6q5gk67gysr5IRR51Cgo=","YUovqQluvbAD9lMXDUpterk2WOyO/vA/ahU/Exs8rUE=","exo+Ld8NN6sbehivsBRyGg1mi27Ffh1AEU+iYSe0OXk=","3DJY/4gkgeEReEr12O9cUOYFyJ5Chq/qW0Ed81/BzVA=","3hLxQ77K+hUHmaEwXFMpvy42R87wMSl70HwX98H5ui0=","p6HsAsB45EkfBY0IopUtROzUtaeRTvm0W0qDckpLDoQ=","FB288KSOVEt+boZk03st0djKRLuyugYDhEPALRGVsMA=","Mo3UQse+5dCb0Be3IbIMFe3fsWqkW34ymcKMKwUerTI=","nsifBmifSR6lxbhvYTCgCl79qz36us4j86MNf1aZolY=","vrFLFjau+VAjAWJVMiaot6S5cBMAoTuM7k1s2ELer48=","xa/+WWtADfIuWEmqlIYe3G96LZirbS70HxplXyx0Hrc=","ULpIRqp41CBUl1qmZPW+UH7PzEUzPom0TtmGNFqemt4=","WYKkKGR3wm7I76RXAB5EWeMn8kxrWFPnblYftQh0Ibw=","65Vt9ZwnlMRHPkRnxHFRofYjbSvj/+aVQKKqHBopRB0=","GaMzWWTSksu9ZnPTnVWdSTdVK526qrLPfgYvzp0yueU=","pwhycxzoZGdcGfocRdC054GMMzGoH0WwWa4FIWqth84=","p/5ffZNug8WxylkyI7K/02iAoowEvQs1q12mJp6P0e8=","MEsuyhGXT2tu+f/ud3gl/fh5k0jSfH6BJyGvUd6c1Qs=","bOCBKppN2ngTwg+ySZCRzwTgD2ueD7T8YuAX7WyNGco=","lkt82yb+LLvL81bq2wladC0kE/B9bdsYDQS9b5mMiZg=","gaF+6/g9k7X8cWDF9F1agAPyQpKU+IawkWAd2gJ34Uo=","vhVZhMXsqRw0jZAy3OrBo14hw/QKJ80cv0qFpt9KbFk=","PuKhcDRzzvbK5LwImpWys+Db1lXx5/Y9/ga8s5BHN4E=","xb0WyQ6cDOE2fniQOxM27PwjzCHRa0TyobeOqCODY/Y=","5idqQF1pPnx43iZzUtnD3YIesVRLj+Jk1ka0Dyk/8mA=","TgjScYaXAxhSZrq5ED6h+juDDNEt9CAXLde9mnZ/esg=","ZAn3Wf6egb1tZKI5c0eU4lePaxNw8cAW3/B6jsDsgnk=","TgV3QeJ5u4r+H/dsqW4fpvwRwS7au7scLD18wsfeoYM=","8SEEIT3ZEekt7yRHCBfHl4fKXPEZHLZ1XnBs4hmg3LU=","8UyJniBoQcu9jfMUvr9mTdQF0+6cuie1oaSaBpPnIa4=","m56roOcTgPautypOFUPYgTD6vD4b3O5L/U/0dd0h42I=","QrHwP58Mqm021Z4mnWgNBYwqkuxKnrJ+DB94h+xPd00=","3PQx6wShGi3hE4AKO5OzbhRIQ396NWhygVG/uSL5158=","Qb0mGIMjPbe5vtM/JxFSN4Vje3x5JwNYYJcl5vpR0WU=","gqw9lk4f+/HeLXY7+hRq/YEuO/bcBYO4UPc/VKEqClQ=","KM74ABmtuZbMyDkQB0WOa22YdQA911s/QHZp1PMNtLI=","eOVyLxe+aJdihNfqrIvVgAeTi5JReggvbXT/08UPb2M=","Ec49YcYZSxIOSs/ORVHg23a4HaBrlFFf6NmTwioTFbI=","4vI9PdNX1OtmXLkoJ52/vlkzLNDQYe1AlYQRlw4UWrM=","uKChHVM71GgZZSuMt1opMOM1MlDgFoJenJdvdm5lovs=","NWuns9kw9BQE9GBKj+eDnhGj2td9O6gZAbFl3L5ZN8s=","REeAB7QIGPfX4qyZki8d1FWcZFGkQF2+UIPdEe11N8M=","1seud3zueplw94mZvmo/3a7DFcjTtcWb7VX8uQKEdzM=","/sPxXIj9KzRZM2onRv1ZcrjYlCY6mMvEibBqV7U/mhI=","m77zq6alWsnWLlDN/iMWQ40Uxa8bn5zvZJNz3r2Mopg=","9RKZ52bPOJnI81H8YrWJsGd3DAUYD8P3UPz0eGSUjDA=","R8nC4oh4ncV6GlHBJMiF6JF89/Wf/a5xoqpnajyT/rE=","mXNMrkIwXtMxtsB0DLqbxLo4RT9li+vi9npOkhouBWM=","dWx8GF6J3aUYdZTuAzcwPml316VmiiM/b8Q2/UkWY/c=","KsnkDHrPV6oP3lKBPNtx7aaL13ziqgBnd2Pd9TEfCYw=","s9vcGdK/TljCX6WziCqET02YrwfcZuCBzszuOKno8QA=","QM9TrJHzSwsHkEsgISyrLE5YWXkqkFwLFDsZPZKo2hs=","rxo/xUIjVho2D0yAzQziIteTlUphO1dfGViatPoAX+U=","gh8DV+kEpljU8FQRY918/2qR2ESq0Dqoxzjhy4cCfG8=","HGjD0CcLV8UU9YmpGcQgsUDg0jo095JORMwrW3TP8S4=","yaoz/q6mz4MI6smLihd0CZ+eW0LYc6Dyy1DYW1S5/mI=","y1hcsQIqv+cF+153LLa2DcUqbDrXXphZrCbEka2z/hU=","tiX2HkmEySvy7uxuYaa3trpU13wU7cVcs+stWGut5VE=","qy78T933WlqUjhKKQ5dMDjH+A1qE6yr1UiUbbW6hkkQ=","vkkWsEWgpaTL4c6cSVl2GIReb4k9Azt/BfVj7jCZYfI=","ts28PW4bsLLLpaWYT28pkqERLYnn7H0y6Lt3pVVSbSg=","8a588DEhrnycMc1G8Kmka6yqyp9uEhCDJqcE8oyfGRM=","qZDpRrhdMfeddsbsSPxvJxSLs+Jz+QVCRZqT0ZL75S8=","YSvgQ2rMMEia97RFFlmL32DmtXoKTwCY4iffn1REJEY=","bj1fV/HB4ZsB3YGRCPMTIXHXnJUpophUibF4Tq9jbsA=","n7gLqkgCjt3tryCvhAu5Ec4aG2wFO/zwM5Vexsgs/ck=","yFCfsWRC3Tn0KplTF0c0wIFFImEY/rOFSJkYRZ2NLrQ=","OWILyK0gIzWbwXcW4VdyCtJdhbd2dy+79M+3RKvtBJg=","J4ZJlIoZ7dG5sHm/I99jiLoFsqI86eYczyYxfBXT40c=","hbHfbuLMCNFDI17nCjoJTHZ4VWTCI3JcZV1CX2GXioU=","TnzBs6HYzAkgo8CDzVeVbweVVwdb/Z7ODUbPOpApfxs="],"block_size":4096,"path":"mirroring_hangouts.js"},{"block_hashes":["LrmbxA0TbidUopZx2vj5vHkcOFZK0k3nbUKrWPPiG3c="],"block_size":4096,"path":"mirroring_webrtc.js"}],"version":2}